titulo,precio
iPhone SE 2da Gen 64GB Negro,75 €
iPhone 13 Pro Gris,300 €
iPhone 12 mini 128GB,70 €
iPhone 13,120 €
iPhone 12 Pro Max,200 €
iPhone 13 Blanco,200 €
iPhone 16 Pro Max 512GB,670 €
iPhone 16 Pro Max 256 GB,800 €
iPhone 13 512GB,270 €
iPhone 16 Pro 128GB,500 €
iPhone 15 128GB,360 €
iPhone 15 Pro Azul Marino,500 €
iPhone 12 Apple,150 €
Desbloqueo de iphone,80 €
iPhone XR 64GB - Para Piezas,20 €
iPhone 13 Pro,200 €
iPhone 14 Pro Max Morado,525 €
iPhone 13 Blanco 128GB,230 €
iPhone 13 Pro Max Dorado,280 €
iPhone 13 Negro,200 €
iPhone 11 Negro + Accesorios,105 €
iPhone 16 Pro Negro/Gris,700 €
iPhone 16 Pro Max Negro/Multicolor,750 €
iPhone 13 128GB Verde,210 €
iPhone 17 Pro 256 GB Azul Doble SIM 5G NFC,1149 €
iPhone 17 Pro Max 512GB Naranja,1000 €
iPhone 14 128GB Blanco (Starlight),250 €
iPhone 16 Blanco,400 €
iPhone 12 Pro Negro,250 €
iPhone 14 Pro Max Dorado,400 €
iPhone 12 Lila 128GB,180 €
Pantalla iPhone 12 Original ( 12 y 12 pro),55 €
iPhone 17 Pro Max PRECINTADO,1249 €
iPhone 16 Pro Max Oro,512 €
iPhone 13 mini azul 128GB,185 €
Lote 5 Fundas iPhone 13 Pro,5 €
iPhone 14 256GB,350 €
iPhone 14 Pro Max Plata con Caja,500 €
iPhone 14 128GB,349 €
iPhone XR - Pantalla no funciona,50 €
